City_ID,City,Country,Date,Lat,Lng,Max Temp,Humidity,Cloudiness,Wind Speed
0,Hofn,IS,2021-12-04 05:31:48,64.2539,-15.2082,31.14,53,2,8.19
1,Rikitea,PF,2021-12-04 05:31:49,-23.1203,-134.9692,76.37,76,58,14.61
2,Saint-Pierre,RE,2021-12-04 05:27:43,-21.3393,55.4781,85.64,69,0,6.91
3,Butaritari,KI,2021-12-04 05:31:50,3.0707,172.7902,82.87,75,94,13.44
4,Dikson,RU,2021-12-04 05:26:58,73.5069,80.5464,-22.0,97,68,10.2
5,Albany,US,2021-12-04 05:27:32,42.6001,-73.9662,30.81,74,47,4.21
6,Tura,IN,2021-12-04 05:31:51,25.5198,90.2201,77.23,52,88,3.09
7,Port Alfred,ZA,2021-12-04 05:28:27,-33.5906,26.891,67.3,76,100,7.76
8,Comodoro Rivadavia,AR,2021-12-04 05:30:01,-45.8667,-67.5,66.06,20,0,12.66
9,Vila Velha,BR,2021-12-04 05:31:52,-20.3297,-40.2925,69.94,93,40,5.75
10,Shahrud,IR,2021-12-04 05:31:53,36.4182,54.9763,40.1,52,1,2.01
11,Atuona,PF,2021-12-04 05:31:53,-9.8,-139.0333,78.67,73,1,17.43
12,Punta Arenas,CL,2021-12-04 05:31:53,-53.15,-70.9167,46.51,81,75,12.66
13,Ostrovnoy,RU,2021-12-04 05:31:54,68.0531,39.5131,19.72,85,100,2.64
14,Hobart,AU,2021-12-04 05:31:28,-42.8794,147.3294,60.06,44,75,1.01
15,Tiksi,RU,2021-12-04 05:31:55,71.6872,128.8694,-31.32,99,46,4.45
16,Zhigansk,RU,2021-12-04 05:31:55,66.7697,123.3711,-18.42,97,100,23.71
17,Yenagoa,NG,2021-12-04 05:31:56,4.9247,6.2642,77.5,90,100,0.49
18,Kodiak,US,2021-12-04 05:31:56,57.79,-152.4072,8.11,92,1,6.91
19,Hermanus,ZA,2021-12-04 05:31:57,-34.4187,19.2345,64.9,72,87,16.46
20,Cabo San Lucas,MX,2021-12-04 05:28:27,22.8909,-109.9124,77.5,75,95,7.14
21,Puerto Escondido,MX,2021-12-04 05:31:58,15.85,-97.0667,79.63,69,1,4.61
22,Puerto Ayora,EC,2021-12-04 05:31:58,-0.7393,-90.3518,67.14,94,42,5.5
23,Zhangye,CN,2021-12-04 05:31:59,38.9342,100.4517,42.26,24,0,4.25
24,Bredasdorp,ZA,2021-12-04 05:31:59,-34.5322,20.0403,64.27,67,100,15.21
25,Atar,MR,2021-12-04 05:32:00,20.5169,-13.0499,64.53,29,84,7.65
26,Bluff,NZ,2021-12-04 05:32:00,-46.6,168.3333,62.04,90,82,1.34
27,Cape Town,ZA,2021-12-04 05:30:54,-33.9258,18.4232,65.12,62,20,23.02
28,Kapaa,US,2021-12-04 05:29:40,22.0752,-159.319,71.58,73,1,1.01
29,Te Anau,NZ,2021-12-04 05:32:02,-45.4167,167.7167,59.32,98,100,2.68
30,Meulaboh,ID,2021-12-04 05:32:02,4.1363,96.1285,84.94,62,72,4.59
31,Jamestown,US,2021-12-04 05:32:03,42.097,-79.2353,35.19,95,90,4.0
32,Cherskiy,RU,2021-12-04 05:32:04,68.75,161.3,-12.19,96,100,16.35
33,Vestmanna,FO,2021-12-04 05:32:05,62.1564,-7.1664,34.72,87,75,6.91
34,New Norfolk,AU,2021-12-04 05:32:05,-42.7826,147.0587,59.72,34,88,4.0
35,Tarauaca,BR,2021-12-04 05:32:06,-8.1614,-70.7656,72.36,98,100,2.44
36,Waipawa,NZ,2021-12-04 05:32:07,-41.4122,175.5153,63.23,81,100,3.78
37,Sao Luis Do Quitunde,BR,2021-12-04 05:32:07,-9.3183,-35.5611,78.24,91,47,5.37
38,Port Elizabeth,ZA,2021-12-04 05:32:08,-33.918,25.5701,61.11,74,100,8.97
39,Airai,TL,2021-12-04 05:29:39,-8.9266,125.4092,72.63,66,92,3.38
40,Qaanaaq,GL,2021-12-04 05:32:09,77.484,-69.3632,4.68,80,91,7.56
41,Baruun-Urt,MN,2021-12-04 05:32:09,46.6806,113.2792,31.53,30,6,17.29
42,Hilo,US,2021-12-04 05:30:59,19.7297,-155.09,73.13,92,40,19.57
43,East London,ZA,2021-12-04 05:32:01,-33.0153,27.9116,65.34,94,75,0.0
44,Aleksandrov Gay,RU,2021-12-04 05:32:10,50.147,48.5704,38.84,88,40,18.59
45,Guerrero Negro,MX,2021-12-04 05:27:16,27.9769,-114.0611,61.45,85,35,10.67
46,Bengkulu,ID,2021-12-04 05:29:43,-3.8004,102.2655,83.28,71,100,7.36
47,Mahebourg,MU,2021-12-04 05:33:11,-20.4081,57.7,84.49,70,40,8.05
48,Ayagoz,KZ,2021-12-04 05:33:11,47.9714,80.4392,27.95,94,59,7.11
49,Pevek,RU,2021-12-04 05:33:12,69.7008,170.3133,-9.8,93,100,11.39
50,Alice Springs,AU,2021-12-04 05:33:12,-23.7,133.8833,99.95,14,2,8.05
51,Chuy,UY,2021-12-04 05:33:13,-33.6971,-53.4616,58.73,90,35,4.59
52,Husavik,IS,2021-12-04 05:33:14,66.0449,-17.3389,10.31,76,21,11.86
53,Ribeira Grande,PT,2021-12-04 05:33:14,38.5167,-28.7,64.98,82,100,10.42
54,Tuktoyaktuk,CA,2021-12-04 05:33:14,69.4541,-133.0374,-23.8,69,1,4.61
55,Shevchenko,UA,2021-12-04 05:33:15,48.5,35.0,34.84,93,75,8.95
56,El Cobre,CU,2021-12-04 05:33:16,20.0489,-75.9469,76.44,78,20,9.22
57,Namibe,AO,2021-12-04 05:33:16,-15.1961,12.1522,71.74,71,82,5.93
58,Vestmannaeyjar,IS,2021-12-04 05:33:17,63.4427,-20.2734,33.42,76,55,12.77
59,Bellevue,US,2021-12-04 05:30:21,47.6104,-122.2007,42.01,89,90,1.99
60,Rio Grande,BR,2021-12-04 05:33:18,-32.035,-52.0986,67.95,81,33,12.24
61,Beatrice,US,2021-12-04 05:33:18,40.2681,-96.747,42.01,72,14,8.57
62,Klaksvik,FO,2021-12-04 05:32:38,62.2266,-6.589,36.52,73,98,8.41
63,Mataura,NZ,2021-12-04 05:28:36,-46.1927,168.8643,65.86,96,97,3.06
64,Saint George,US,2021-12-04 05:28:21,37.1041,-113.5841,58.35,38,1,0.0
65,Norman Wells,CA,2021-12-04 05:33:19,65.282,-126.8329,-41.76,66,20,2.3
66,Provideniya,RU,2021-12-04 05:33:20,64.3833,-173.3,17.98,92,93,14.18
67,Kiama,AU,2021-12-04 05:33:20,-34.6833,150.8667,67.37,81,99,1.99
68,Doha,QA,2021-12-04 05:33:21,25.2867,51.5333,69.78,44,0,11.5
69,Portland,US,2021-12-04 05:33:21,45.5234,-122.6762,42.24,92,40,4.0
70,Honiara,SB,2021-12-04 05:33:22,-9.4333,159.95,82.56,82,100,3.91
71,Onguday,RU,2021-12-04 05:33:22,50.75,86.15,31.08,82,39,0.65
72,San Luis,AR,2021-12-04 05:31:07,-33.295,-66.3356,59.38,91,73,9.08
73,Maningrida,AU,2021-12-04 05:33:23,-12.0667,134.2667,90.72,56,100,11.23
74,Kenai,US,2021-12-04 05:33:24,60.5544,-151.2583,-1.97,84,1,5.75
75,Yellowknife,CA,2021-12-04 05:30:33,62.456,-114.3525,-17.88,76,40,10.36
76,Vardo,NO,2021-12-04 05:33:24,70.3705,31.1107,24.58,75,85,12.28
77,Carnarvon,AU,2021-12-04 05:33:25,-24.8667,113.6333,80.67,65,0,12.66
78,Thompson,CA,2021-12-04 05:33:25,55.7435,-97.8558,-16.44,76,75,0.0
79,Passo Fundo,BR,2021-12-04 05:33:26,-28.2628,-52.4067,58.42,88,0,11.63
80,Taua,BR,2021-12-04 05:33:26,-5.9667,-40.3,76.57,72,75,8.37
81,Pangnirtung,CA,2021-12-04 05:33:27,66.1451,-65.7125,15.84,77,100,8.12
82,San Quintin,MX,2021-12-04 05:33:27,30.4833,-115.95,58.41,87,70,7.92
83,Alofi,NU,2021-12-04 05:33:28,-19.0595,-169.9187,76.89,94,98,10.36
84,Oktyabrskiy,RU,2021-12-04 05:33:29,54.4815,53.471,36.25,84,96,19.19
85,Ushuaia,AR,2021-12-04 05:33:29,-54.8,-68.3,49.66,53,40,23.02
86,Moen,NO,2021-12-04 05:33:30,69.1304,18.6123,21.27,73,20,5.75
87,Ancud,CL,2021-12-04 05:33:31,-41.8697,-73.8203,47.43,87,0,2.84
88,Chokurdakh,RU,2021-12-04 05:33:32,70.6333,147.9167,-31.81,97,100,8.32
89,Vaini,TO,2021-12-04 05:33:33,-21.2,-175.2,82.56,89,20,10.36
90,Xai-Xai,MZ,2021-12-04 05:33:34,-25.0519,33.6442,85.15,59,50,4.56
91,Tahta,EG,2021-12-04 05:33:34,26.7693,31.5021,55.51,43,32,0.38
92,Avarua,CK,2021-12-04 05:34:35,-21.2078,-159.775,75.25,100,90,5.75
93,Kosa,RU,2021-12-04 05:34:35,59.9445,54.9977,17.58,95,100,9.26
94,Kruisfontein,ZA,2021-12-04 05:34:36,-34.0033,24.7314,58.89,73,100,8.41
95,Viedma,AR,2021-12-04 05:34:36,-40.8135,-62.9967,51.71,71,44,6.82
96,Sooke,CA,2021-12-04 05:34:37,48.3746,-123.7276,42.57,84,100,12.66
97,Busselton,AU,2021-12-04 05:34:37,-33.65,115.3333,85.08,36,10,7.74
98,Lorengau,PG,2021-12-04 05:34:38,-2.0226,147.2712,83.1,81,72,10.85
99,Beitbridge,ZW,2021-12-04 05:34:39,-22.2167,30.0,83.43,55,0,20.96
100,Berdigestyakh,RU,2021-12-04 05:34:39,62.0989,126.6992,-12.05,95,100,11.7
101,Hithadhoo,MV,2021-12-04 05:34:39,-0.6,73.0833,82.33,75,25,11.77
102,Chiusi,IT,2021-12-04 05:34:40,43.016,11.9475,36.52,87,72,0.49
103,Flinders,AU,2021-12-04 05:34:40,-34.5833,150.8552,67.17,80,98,13.38
104,Bambous Virieux,MU,2021-12-04 05:34:41,-20.3428,57.7575,84.45,70,40,8.05
105,Tasiilaq,GL,2021-12-04 05:34:42,65.6145,-37.6368,23.16,57,4,7.07
106,Marrakesh,MA,2021-12-04 05:34:42,31.6315,-8.0083,39.27,87,0,3.44
107,Rincon,US,2021-12-04 05:34:43,32.296,-81.2354,59.86,82,1,4.61
108,Namatanai,PG,2021-12-04 05:34:43,-3.6667,152.4333,84.0,71,48,9.66
109,Urengoy,RU,2021-12-04 05:34:44,65.9667,78.3667,-15.52,93,100,6.42
110,Port Augusta,AU,2021-12-04 05:34:44,-32.5,137.7667,85.71,38,62,19.66
111,Kimbe,PG,2021-12-04 05:34:45,-5.5502,150.1429,83.41,79,99,1.48
112,Dire,ML,2021-12-04 05:34:46,12.2833,-10.9667,71.6,29,88,1.16
113,Skaudvile,LT,2021-12-04 05:34:47,55.4167,22.6167,28.89,89,100,8.86
114,Fasa,IR,2021-12-04 05:34:47,28.9383,53.6482,47.44,66,0,0.0
115,Zhezkazgan,KZ,2021-12-04 05:32:40,47.8043,67.7144,27.19,73,52,6.78
116,Kingman,US,2021-12-04 05:34:48,35.1894,-114.053,57.18,33,1,0.0
117,Yelizovo,RU,2021-12-04 05:34:49,53.1873,158.3805,32.14,100,90,4.0
118,Ronne,DK,2021-12-04 05:34:49,55.1009,14.7066,42.71,93,90,23.02
119,Sirvintos,LT,2021-12-04 05:34:50,55.05,24.95,31.62,93,100,8.99
120,Mackenzie,CA,2021-12-04 05:34:51,55.2999,-123.1698,23.22,68,90,10.36
121,Guisa,CU,2021-12-04 05:34:53,20.255,-76.5386,70.11,96,77,3.44
122,Esperance,AU,2021-12-04 05:34:54,-33.8667,121.9,73.24,56,0,21.05
123,Nisia Floresta,BR,2021-12-04 05:34:54,-6.0911,-35.2086,80.98,89,88,6.93
124,Torbay,CA,2021-12-04 05:34:55,47.6666,-52.7314,41.68,88,90,23.02
125,Narsaq,GL,2021-12-04 05:34:56,60.9167,-46.05,21.42,80,100,15.97
126,Salalah,OM,2021-12-04 05:34:56,17.0151,54.0924,80.69,36,0,5.75
127,Shimoda,JP,2021-12-04 05:34:57,34.6667,138.95,57.56,59,1,28.39
128,Sur,OM,2021-12-04 05:34:57,22.5667,59.5289,79.07,39,0,0.69
129,Clyde River,CA,2021-12-04 05:34:58,70.4692,-68.5914,8.83,85,90,14.97
130,Mokhsogollokh,RU,2021-12-04 05:34:58,61.4681,128.9203,-13.83,89,88,8.84
131,Vila,PT,2021-12-04 05:34:59,42.0304,-8.1588,47.32,96,100,6.62
132,San Rafael,AR,2021-12-04 05:30:35,-34.6177,-68.3301,57.11,79,100,12.1
133,Hualmay,PE,2021-12-04 05:35:00,-11.0964,-77.6139,65.59,89,100,8.86
134,San Cristobal,VE,2021-12-04 05:35:01,7.7669,-72.225,69.98,85,96,1.5
135,Hamilton,US,2021-12-04 05:30:16,39.1834,-84.5333,45.45,74,1,1.01
136,San Gavino Monreale,IT,2021-12-04 05:35:02,39.5514,8.7917,46.45,80,27,6.51
137,Castro,BR,2021-12-04 05:35:03,-24.7911,-50.0119,58.77,86,90,9.01
138,Kavaratti,IN,2021-12-04 05:32:05,10.5669,72.642,81.43,73,92,1.7
139,Isangel,VU,2021-12-04 05:36:03,-19.55,169.2667,86.11,62,75,9.22
140,Cartagena,CO,2021-12-04 05:36:04,10.3997,-75.5144,78.42,89,0,6.91
141,Hasaki,JP,2021-12-04 05:36:05,35.7333,140.8333,61.09,41,0,1.45
142,Saint-Joseph,RE,2021-12-04 05:36:05,-21.3667,55.6167,84.56,76,14,8.23
143,Road Town,VG,2021-12-04 05:36:05,18.4167,-64.6167,80.01,76,1,16.35
144,Khatanga,RU,2021-12-04 05:36:06,71.9667,102.5,-20.4,96,100,14.38
145,Sao Filipe,CV,2021-12-04 05:36:06,14.8961,-24.4956,74.61,71,100,10.8
146,Yar-Sale,RU,2021-12-04 05:36:07,66.8333,70.8333,-8.68,97,100,9.91
147,Bien Hoa,VN,2021-12-04 05:34:52,10.95,106.8167,84.18,58,63,5.86
148,Sinnamary,GF,2021-12-04 05:36:08,5.3833,-52.95,76.86,89,78,7.11
149,Barrow,US,2021-12-04 05:36:08,71.2906,-156.7887,-7.58,71,1,18.41
150,Obo,CF,2021-12-04 05:36:09,5.3998,26.4869,79.12,60,90,2.62
151,Olinda,BR,2021-12-04 05:36:10,-8.0089,-34.8553,82.13,78,75,8.05
152,Tuatapere,NZ,2021-12-04 05:36:10,-46.1333,167.6833,63.39,89,93,3.15
153,Mongomo,GQ,2021-12-04 05:36:10,1.6274,11.3135,67.95,97,100,0.58
154,Leningradskiy,RU,2021-12-04 05:36:11,69.3833,178.4167,-1.32,95,100,16.22
155,Polunochnoye,RU,2021-12-04 05:36:12,60.8697,60.4153,8.49,87,88,2.24
156,Arraial Do Cabo,BR,2021-12-04 05:36:12,-22.9661,-42.0278,70.25,79,2,2.84
157,Laguna,US,2021-12-04 05:36:13,38.421,-121.4238,57.02,96,90,3.44
158,Chimay,BE,2021-12-04 05:36:14,50.0486,4.3171,38.79,99,100,5.17
159,Marsh Harbour,BS,2021-12-04 05:36:14,26.5412,-77.0636,73.11,62,79,6.2
160,Pueblo Nuevo,MX,2021-12-04 05:36:15,23.3833,-105.3833,53.1,62,72,5.82
161,Skjervoy,NO,2021-12-04 05:36:15,70.0311,20.9714,21.07,78,0,23.06
162,Antofagasta,CL,2021-12-04 05:36:16,-23.65,-70.4,60.08,73,23,4.03
163,Fort Nelson,CA,2021-12-04 05:36:17,58.8053,-122.7002,-11.61,77,90,2.3
164,Lavrentiya,RU,2021-12-04 05:36:17,65.5833,-171.0,26.04,96,100,8.95
165,Victoria,HK,2021-12-04 05:32:14,22.2855,114.1577,71.04,41,60,3.0
166,Port Lincoln,AU,2021-12-04 05:36:18,-34.7333,135.8667,63.68,58,17,13.15
167,Fairbanks,US,2021-12-04 05:35:55,64.8378,-147.7164,-28.98,66,1,0.0
168,Muroto,JP,2021-12-04 05:36:19,33.2833,134.15,53.64,48,4,14.45
169,Sovetskiy,RU,2021-12-04 05:36:20,61.3614,63.5842,5.54,92,47,2.1
170,Straumen,NO,2021-12-04 05:36:20,63.8709,11.2999,27.95,67,46,18.19
171,Saint-Philippe,RE,2021-12-04 05:36:21,-21.3585,55.7679,85.55,77,20,13.15
172,Kedrovyy,RU,2021-12-04 05:36:21,56.1667,91.8167,30.87,90,98,15.43
173,Ponta Do Sol,PT,2021-12-04 05:36:22,32.6667,-17.1,65.03,74,99,9.31
174,Caravelas,BR,2021-12-04 05:36:22,-17.7125,-39.2481,70.34,95,78,3.51
175,Lemon Tree Passage,AU,2021-12-04 05:36:23,-32.7327,152.036,70.95,84,99,5.99
176,Kudahuvadhoo,MV,2021-12-04 05:36:24,2.6708,72.8944,82.42,76,33,10.31
177,Upernavik,GL,2021-12-04 05:36:24,72.7868,-56.1549,8.06,65,78,8.28
178,Isla Mujeres,MX,2021-12-04 05:36:25,21.2311,-86.731,75.25,67,26,9.95
179,Saskylakh,RU,2021-12-04 05:36:25,71.9167,114.0833,-16.67,97,100,12.21
180,Cockburn Town,TC,2021-12-04 05:36:26,21.4612,-71.1419,78.71,76,24,16.98
181,Bethel,US,2021-12-04 05:36:26,41.3712,-73.414,37.18,69,90,0.0
182,Opuwo,NA,2021-12-04 05:36:27,-18.0607,13.84,72.82,34,48,2.44
183,Biloela,AU,2021-12-04 05:36:28,-24.4167,150.5,91.35,35,0,14.2
184,Neuquen,AR,2021-12-04 05:36:28,-38.9516,-68.0591,55.29,88,75,0.0
185,Longyearbyen,SJ,2021-12-04 05:37:29,78.2186,15.6401,35.44,64,40,21.85
186,Sola,VU,2021-12-04 05:37:30,-13.8833,167.55,82.15,72,60,11.99
187,Shingu,JP,2021-12-04 05:37:31,33.7333,135.9833,52.79,57,5,12.62
188,Saint-Augustin,CA,2021-12-04 05:37:31,51.226,-58.6502,18.86,68,100,23.2
189,Georgetown,MY,2021-12-04 05:33:56,5.4112,100.3354,87.75,66,20,10.0
190,Chicomuselo,MX,2021-12-04 05:37:32,15.7667,-92.2667,65.48,83,44,3.13
191,Talnakh,RU,2021-12-04 05:37:32,69.4865,88.3972,-29.79,97,87,12.01
192,Katsuura,JP,2021-12-04 05:37:33,35.1333,140.3,57.31,57,3,17.36
193,Segou,ML,2021-12-04 05:37:33,13.4317,-6.2157,72.73,18,36,9.44
194,Chililabombwe,ZM,2021-12-04 05:37:34,-12.3648,27.8229,76.28,38,3,10.51
195,Naze,JP,2021-12-04 05:37:35,28.3667,129.4833,59.92,66,57,18.92
196,Chikwawa,MW,2021-12-04 05:37:35,-16.0335,34.8009,94.6,34,40,4.38
197,Robertson,US,2021-12-04 05:37:37,36.5167,-86.8667,60.8,90,75,8.05
198,Poum,NC,2021-12-04 05:37:37,-20.2333,164.0167,81.27,73,38,10.2
199,Puerto El Triunfo,SV,2021-12-04 05:37:38,13.2833,-88.55,77.16,63,93,3.69
200,Phalombe,MW,2021-12-04 05:37:38,-15.8064,35.6507,82.74,48,13,7.11
201,Gorontalo,ID,2021-12-04 05:37:38,0.5412,123.0595,81.46,87,100,2.42
202,Brae,GB,2021-12-04 05:37:39,60.3964,-1.353,35.51,76,95,4.34
203,Tambacounda,SN,2021-12-04 05:37:39,13.7539,-13.7586,73.45,27,0,6.91
204,Havelock,US,2021-12-04 05:37:39,34.8791,-76.9013,53.55,84,19,6.04
205,Nsanje,MW,2021-12-04 05:37:40,-16.92,35.262,93.92,38,0,2.06
206,Christchurch,NZ,2021-12-04 05:35:10,-43.5333,172.6333,77.2,44,23,12.66
207,Cayenne,GF,2021-12-04 05:37:40,4.9333,-52.3333,76.08,92,0,0.0
208,Greenwood,US,2021-12-04 05:37:41,34.1668,-82.1165,61.45,65,1,6.91
209,Itarema,BR,2021-12-04 05:37:42,-2.9248,-39.9167,79.79,77,80,11.43
210,Ixtapa,MX,2021-12-04 05:37:42,20.7,-105.2,76.23,94,1,0.0
211,Bosaso,SO,2021-12-04 05:37:43,11.2842,49.1816,78.78,73,0,0.0
212,Mwinilunga,ZM,2021-12-04 05:37:43,-11.7358,24.4293,72.91,63,12,3.71
213,Pauini,BR,2021-12-04 05:37:44,-7.7136,-66.9764,73.29,98,96,1.9
214,Avera,US,2021-12-04 05:37:44,33.194,-82.5271,64.27,62,87,6.93
215,Asosa,ET,2021-12-04 05:37:45,10.0667,34.5333,75.07,31,23,8.37
216,Delijan,IR,2021-12-04 05:37:45,33.9905,50.6838,44.22,47,0,3.56
217,Emmett,US,2021-12-04 05:37:46,43.8735,-116.4993,47.93,81,45,2.26
218,Kuching,MY,2021-12-04 05:37:37,1.55,110.3333,82.62,83,40,8.05
219,Qasigiannguit,GL,2021-12-04 05:37:47,68.8193,-51.1922,16.05,63,92,11.99
220,Bollnas,SE,2021-12-04 05:37:47,61.3482,16.3946,15.39,97,92,2.57
221,Buckeye,US,2021-12-04 05:32:53,33.3703,-112.5838,68.05,38,0,10.36
222,Mar Del Plata,AR,2021-12-04 05:37:48,-38.0023,-57.5575,59.09,81,90,5.01
223,Iganga,UG,2021-12-04 05:37:48,0.6092,33.4686,77.11,52,64,7.11
224,Tupancireta,BR,2021-12-04 05:37:27,-29.0806,-53.8358,57.81,94,0,9.35
225,Raga,SS,2021-12-04 05:37:49,8.4596,25.678,78.96,27,7,7.02
226,Yanam,IN,2021-12-04 05:37:49,16.7333,82.2167,88.2,53,100,2.75
227,Wanning,CN,2021-12-04 05:37:50,18.8003,110.3967,74.53,56,40,14.76
228,Svetlaya,RU,2021-12-04 05:38:50,46.5389,138.3297,18.21,61,87,8.46
229,Lardos,GR,2021-12-04 05:38:52,36.0942,28.0157,59.95,82,100,1.05
230,Dingle,PH,2021-12-04 05:37:30,10.9995,122.6711,80.83,75,94,13.4
231,Francisco Beltrao,BR,2021-12-04 05:38:52,-26.0811,-53.055,60.98,92,15,3.4
232,Mount Gambier,AU,2021-12-04 05:38:53,-37.8333,140.7667,64.31,52,90,13.8
233,Enugu,NG,2021-12-04 05:38:53,6.4402,7.4943,72.79,94,97,2.3
234,Lamar,US,2021-12-04 05:38:54,33.6668,-95.5836,67.66,94,40,5.75
235,Mokhotlong,LS,2021-12-04 05:38:55,-29.2894,29.0675,64.76,61,99,10.47
236,Mongagua,BR,2021-12-04 05:38:55,-24.0931,-46.6208,73.92,88,39,3.76
237,Nikolskoye,RU,2021-12-04 05:36:52,59.7035,30.7861,22.91,97,99,3.38
238,Ville-Marie,CA,2021-12-04 05:38:56,47.3335,-79.433,5.0,86,98,3.18
239,Belaya Gora,RU,2021-12-04 05:38:56,68.5333,146.4167,-32.53,100,94,4.45
240,Erenhot,CN,2021-12-04 05:38:57,43.6475,111.9767,30.65,45,0,10.76
241,Coolum Beach,AU,2021-12-04 05:38:57,-26.5333,153.1,84.34,68,0,7.63
242,Lebu,CL,2021-12-04 05:38:58,-37.6167,-73.65,51.01,93,4,15.5
243,Talakan,RU,2021-12-04 05:38:58,50.3167,130.3667,-0.18,82,31,4.38
244,Leh,IN,2021-12-04 05:38:59,34.1667,77.5833,25.81,64,34,2.15
245,Port Hardy,CA,2021-12-04 05:38:59,50.6996,-127.4199,39.2,100,90,2.3
246,Lagoa,PT,2021-12-04 05:39:00,39.05,-27.9833,63.93,86,100,12.71
247,Mage,BR,2021-12-04 05:39:01,-22.6528,-43.0406,73.4,93,54,1.48
248,Codrington,AU,2021-12-04 05:39:01,-38.2667,141.9667,60.69,61,64,13.53
249,Muros,ES,2021-12-04 05:39:02,42.7762,-9.0603,59.99,96,89,14.54
250,Half Moon Bay,US,2021-12-04 05:39:02,37.4636,-122.4286,55.71,86,90,1.01
251,Korla,CN,2021-12-04 05:39:03,41.7597,86.1469,34.05,38,81,1.28
252,Bubaque,GW,2021-12-04 05:39:03,11.2833,-15.8333,80.98,70,41,7.09
253,Lasa,IT,2021-12-04 05:39:04,46.6166,10.7002,30.94,69,100,2.82
254,Cidreira,BR,2021-12-04 05:39:05,-30.1811,-50.2056,68.41,81,54,17.98
255,Hasanpur,IN,2021-12-04 05:39:05,28.7167,78.2833,76.26,41,0,6.69
256,Padang,ID,2021-12-04 05:37:48,-0.9492,100.3543,89.65,66,100,10.0
257,Asau,RO,2021-12-04 05:39:06,46.4333,26.4,29.32,95,99,1.21
258,Bathsheba,BB,2021-12-04 05:39:07,13.2167,-59.5167,79.41,83,40,16.11
259,Watertown,US,2021-12-04 05:39:07,42.3709,-71.1828,32.38,63,1,1.01
260,Fortuna,US,2021-12-04 05:39:08,40.5982,-124.1573,51.37,76,90,0.0
261,Verkhnevilyuysk,RU,2021-12-04 05:37:16,63.4453,120.3167,0.97,97,100,8.59
262,Akcakoca,TR,2021-12-04 05:39:09,41.0866,31.1162,54.36,71,100,7.85
263,Komsomolskiy,UZ,2021-12-04 05:39:10,40.4272,71.7189,47.12,42,100,2.3
264,Ambon,ID,2021-12-04 05:39:10,-3.6954,128.1814,84.34,70,40,3.44
265,Ondangwa,NA,2021-12-04 05:39:11,-17.9167,15.95,75.72,56,100,5.88
266,Sheridan,US,2021-12-04 05:39:12,44.8333,-106.9173,37.58,81,90,6.91
267,Smithers,CA,2021-12-04 05:35:26,54.7804,-127.1743,28.72,93,90,5.75
268,Muscat,OM,2021-12-04 05:38:13,23.6139,58.5922,78.82,48,0,3.67
269,Kassala,SD,2021-12-04 05:39:12,15.451,36.4,77.23,57,0,10.94
270,Rocha,UY,2021-12-04 05:39:13,-34.4833,-54.3333,55.81,94,79,2.51
271,Kamina,CD,2021-12-04 05:39:13,-8.7386,24.9906,70.74,83,56,1.97
272,Okha,RU,2021-12-04 05:37:22,53.5739,142.9478,14.31,83,100,12.57
273,Nome,US,2021-12-04 05:40:14,64.5011,-165.4064,8.67,78,90,26.46
274,Tantoyuca,MX,2021-12-04 05:40:15,21.35,-98.2333,66.65,95,44,4.99
275,Diamantino,BR,2021-12-04 05:40:16,-14.4086,-56.4461,73.49,94,100,2.37
276,Gobabis,NA,2021-12-04 05:40:17,-22.45,18.9667,64.87,73,99,15.28
277,San Juan,AR,2021-12-04 05:40:17,-31.5375,-68.5364,63.72,74,97,13.67
278,Natal,BR,2021-12-04 05:40:17,-5.795,-35.2094,80.82,89,40,6.91
279,Kologriv,RU,2021-12-04 05:40:18,58.8275,44.3178,31.59,94,100,12.06
280,Jining,CN,2021-12-04 05:38:47,35.405,116.5814,55.74,31,1,6.02
281,Gat,IL,2021-12-04 05:40:18,31.61,34.7642,62.4,49,100,3.47
282,Souillac,MU,2021-12-04 05:39:26,-20.5167,57.5167,84.58,70,40,8.05
283,Fare,PF,2021-12-04 05:40:19,-16.7,-151.0167,80.98,72,63,18.3
284,Luderitz,NA,2021-12-04 05:40:19,-26.6481,15.1594,63.12,69,72,16.87
285,Belle Fourche,US,2021-12-04 05:40:20,44.6714,-103.8522,36.25,54,100,11.25
286,Uige,AO,2021-12-04 05:40:21,-7.6087,15.0613,67.19,98,100,1.32
287,Sal Rei,CV,2021-12-04 05:40:21,16.1833,-22.9167,70.36,73,62,20.71
288,Tateyama,JP,2021-12-04 05:40:22,34.9833,139.8667,61.14,56,4,17.25
289,Rosetown,CA,2021-12-04 05:40:22,51.5501,-108.0014,12.18,92,53,8.05
290,Marica,BR,2021-12-04 05:40:23,-22.9194,-42.8186,73.35,84,13,3.2
291,Laja,CL,2021-12-04 05:40:24,-37.2667,-72.7,50.79,72,0,3.98
292,Geraldton,AU,2021-12-04 05:40:24,-28.7667,114.6,93.61,27,0,21.85
293,Abu Dhabi,AE,2021-12-04 05:40:25,24.4667,54.3667,75.31,60,0,1.01
294,Huadian,CN,2021-12-04 05:40:25,42.9633,126.7478,19.42,72,42,8.3
295,Progreso,MX,2021-12-04 05:40:26,21.2833,-89.6667,74.1,77,79,10.04
296,Puri,IN,2021-12-04 05:40:26,19.8,85.85,73.38,92,100,23.73
297,Ilheus,BR,2021-12-04 05:40:27,-14.7889,-39.0494,71.82,96,94,3.98
298,Labuhan,ID,2021-12-04 05:40:28,-6.8844,112.2051,83.57,75,98,10.31
299,Am Timan,TD,2021-12-04 05:40:28,11.0297,20.2827,76.19,31,6,4.59
300,Herat,AF,2021-12-04 05:40:29,34.5,62.0,44.26,63,96,2.8
301,Rusape,ZW,2021-12-04 05:40:29,-18.5278,32.1284,79.86,35,4,9.95
302,Dilla,ET,2021-12-04 05:40:30,6.41,38.31,71.31,48,3,1.92
303,Tarakan,ID,2021-12-04 05:40:30,3.3,117.6333,85.5,79,40,4.61
304,Hami,CN,2021-12-04 05:40:31,42.8,93.45,30.76,46,41,3.24
305,Filadelfia,US,2021-12-04 05:37:52,39.9523,-75.1638,45.32,61,90,3.0
306,Lakselv,NO,2021-12-04 05:40:31,70.0513,24.9718,6.62,85,90,17.27
307,Alora,ES,2021-12-04 05:40:32,36.8236,-4.7058,52.74,58,0,6.11
308,Samarai,PG,2021-12-04 05:40:32,-10.6167,150.6667,83.75,75,86,9.86
309,Sobolevo,RU,2021-12-04 05:40:33,54.4299,31.8996,23.31,93,92,10.11
310,Houma,US,2021-12-04 05:40:02,29.5958,-90.7195,62.6,97,21,1.99
311,Ca Mau,VN,2021-12-04 05:40:33,9.1769,105.15,81.25,58,94,10.65
312,Nianzishan,CN,2021-12-04 05:40:33,47.5167,122.8833,20.08,57,65,10.13
313,Severo-Yeniseyskiy,RU,2021-12-04 05:40:34,60.3725,93.0408,20.01,92,100,11.63
314,West Lafayette,US,2021-12-04 05:40:00,40.4259,-86.9081,40.21,83,1,6.91
315,San Ramon,US,2021-12-04 05:40:34,37.7799,-121.978,54.21,88,90,1.01
316,Farmington,US,2021-12-04 05:40:05,36.7281,-108.2187,39.74,59,1,8.05
317,Letnica,PL,2021-12-04 05:41:35,51.8981,15.333,33.46,44,100,9.4
318,Jinchang,CN,2021-12-04 05:41:36,38.4953,102.1739,41.88,16,0,3.91
319,Pemangkat,ID,2021-12-04 05:41:36,1.1667,108.9667,81.79,81,99,11.36
320,Arlit,NE,2021-12-04 05:41:36,18.7369,7.3853,67.1,17,64,5.28
321,Svarychiv,UA,2021-12-04 05:41:37,48.9622,24.1966,11.43,79,18,5.79
322,Kodinsk,RU,2021-12-04 05:41:37,58.6881,99.1844,29.71,90,100,16.22
323,Chaman,PK,2021-12-04 05:41:38,30.9236,66.4512,61.63,27,6,6.78
324,Tabou,CI,2021-12-04 05:41:38,4.423,-7.3528,78.64,86,95,7.72
325,Alberdi,AR,2021-12-04 05:41:38,-32.8899,-60.6906,69.04,76,0,3.0
326,Rizia,GR,2021-12-04 05:41:39,41.6167,26.4333,51.87,95,100,7.67
327,Ganganagar,IN,2021-12-04 05:41:39,29.9167,73.8833,74.62,35,0,1.43
328,Donskoye,RU,2021-12-04 05:41:39,45.4552,41.9741,45.63,45,84,7.47
329,Silvan,TR,2021-12-04 05:41:40,38.1419,41.0081,28.69,44,78,1.01
330,Svarstad,NO,2021-12-04 05:41:40,59.399,9.9698,25.16,52,100,4.0
331,Coronel Bogado,PY,2021-12-04 05:41:41,-27.1833,-56.3,73.89,61,51,4.59
332,Valenca Do Piaui,BR,2021-12-04 05:41:41,-6.4075,-41.7456,73.45,74,48,3.09
333,Tongliao,CN,2021-12-04 05:41:41,43.6125,122.2653,26.42,77,26,9.66
334,Lahad Datu,MY,2021-12-04 05:41:42,5.0268,118.327,82.15,85,89,2.21
335,Dudinka,RU,2021-12-04 05:41:42,69.4058,86.1778,-29.38,96,61,10.16
336,Teya,RU,2021-12-04 05:41:42,60.3778,92.6267,23.79,91,100,11.54
337,Lincoln,US,2021-12-04 05:41:43,40.8,-96.667,42.75,75,1,3.0
338,Los Llanos De Aridane,ES,2021-12-04 05:41:43,28.6585,-17.9182,62.35,67,90,8.01
339,Mehamn,NO,2021-12-04 05:41:43,71.0357,27.8492,18.28,84,54,12.28
340,Mayo,US,2021-12-04 05:41:44,38.8876,-76.5119,48.94,74,90,0.0
341,Rio Gallegos,AR,2021-12-04 05:41:44,-51.6226,-69.2181,51.85,54,0,4.61
342,Sohag,EG,2021-12-04 05:41:44,26.557,31.6948,52.09,42,27,0.89
343,Maragogi,BR,2021-12-04 05:41:08,-9.0122,-35.2225,76.91,87,37,7.76
344,Baherden,TM,2021-12-04 05:36:48,38.4362,57.4316,45.14,78,97,6.67
345,Trinidad,BO,2021-12-04 05:41:45,-14.8333,-64.9,74.86,92,88,3.78
346,Kaka,TM,2021-12-04 05:41:45,37.3482,59.6143,42.66,81,99,1.92
347,Jablah,SY,2021-12-04 05:41:46,35.3614,35.9256,53.89,58,0,4.61
348,Termiz,UZ,2021-12-04 05:41:46,37.2242,67.2783,46.49,61,75,4.61
349,Banjar,ID,2021-12-04 05:38:35,-8.19,114.9675,87.66,82,100,3.06
350,Xuanzhou,CN,2021-12-04 05:41:47,30.9525,118.7553,59.36,25,26,4.21
351,Abbeville,FR,2021-12-04 05:41:47,50.1,1.8333,42.76,98,98,5.32
352,Durban,ZA,2021-12-04 05:38:29,-29.8579,31.0292,71.02,90,100,3.0
353,Sarh,TD,2021-12-04 05:40:13,9.1429,18.3923,69.71,83,0,0.0
354,Porto-Vecchio,FR,2021-12-04 05:41:48,41.591,9.2795,49.66,66,0,11.5
355,Aklavik,CA,2021-12-04 05:41:48,68.2191,-135.0107,-21.17,86,2,10.4
356,Lahat,ID,2021-12-04 05:41:48,-3.8,103.5333,82.96,78,98,4.0
357,Piacabucu,BR,2021-12-04 05:41:49,-10.4056,-36.4344,77.56,88,76,9.75
358,Pimentel,PE,2021-12-04 05:41:49,-6.8367,-79.9342,64.6,90,65,10.87
359,Belyy Yar,RU,2021-12-04 05:41:50,53.6039,91.3903,37.29,59,0,15.66
360,Acapulco,MX,2021-12-04 05:38:24,16.8634,-99.8901,76.82,83,20,5.75
361,Ossora,RU,2021-12-04 05:39:02,59.2353,163.0719,17.96,85,86,5.97
362,Matthews,US,2021-12-04 05:41:50,35.1168,-80.7237,62.02,62,1,1.01
363,Awbari,LY,2021-12-04 05:42:51,26.5921,12.7805,45.88,56,7,12.17
364,Kaitangata,NZ,2021-12-04 05:42:51,-46.2817,169.8464,60.85,93,99,5.66
365,Arrecife,ES,2021-12-04 05:42:52,28.963,-13.5477,66.27,77,0,9.22
366,Batsfjord,NO,2021-12-04 05:42:52,70.6345,29.7185,18.9,87,60,12.1
367,Suez,EG,2021-12-04 05:42:52,29.9737,32.5263,62.17,56,100,2.06
368,Svetlyy,RU,2021-12-04 05:42:53,54.675,20.1347,32.05,95,100,16.84
369,Pangai,TO,2021-12-04 05:42:53,-19.8,-174.35,80.71,74,20,14.97
370,Constitucion,CL,2021-12-04 05:42:54,-35.3333,-72.4167,54.81,60,13,5.68
371,Miyako,JP,2021-12-04 05:42:54,39.6367,141.9525,43.23,77,91,4.72
372,Toccoa,US,2021-12-04 05:42:55,34.5773,-83.3324,63.01,54,1,3.44
373,Dawlatabad,AF,2021-12-04 05:42:55,36.4141,64.9053,46.4,52,92,3.24
374,Lac-Megantic,CA,2021-12-04 05:42:55,45.5834,-70.8823,13.93,86,100,10.98
375,Marquette,US,2021-12-04 05:42:56,46.5333,-87.6335,29.77,78,54,13.47
376,Lompoc,US,2021-12-04 05:42:56,34.6391,-120.4579,55.56,84,90,0.0
377,Kemise,ET,2021-12-04 05:42:57,10.7167,39.8667,67.64,46,0,4.59
378,Celestun,MX,2021-12-04 05:42:57,20.8667,-90.4,75.61,74,94,11.43
379,Chizhou,CN,2021-12-04 05:42:57,30.6578,117.4831,61.09,24,8,1.52
380,Yumen,CN,2021-12-04 05:42:58,40.2833,97.2,41.13,19,0,11.79
381,Klyuchi,RU,2021-12-04 05:42:58,52.2667,79.1667,25.95,84,91,13.31
382,Lianzhou,CN,2021-12-04 05:42:59,24.7811,112.3825,68.63,26,6,3.67
383,Karratha,AU,2021-12-04 05:42:59,-20.7377,116.8463,100.2,28,32,21.7
384,Morant Bay,JM,2021-12-04 05:42:59,17.8815,-76.4093,78.42,83,100,12.39
385,Benoy,TD,2021-12-04 05:43:00,8.9833,16.3199,76.33,37,11,2.1
386,Sitka,US,2021-12-04 05:43:00,57.0531,-135.33,26.49,80,20,3.44
387,Pittsburg,US,2021-12-04 05:43:00,38.028,-121.8847,55.85,88,90,3.0
388,Afsin,TR,2021-12-04 05:43:01,38.2477,36.914,35.85,51,100,0.58
389,Pandan,PH,2021-12-04 05:43:01,14.0453,124.1694,75.97,80,100,18.81
390,Pahrump,US,2021-12-04 05:43:02,36.2083,-115.9839,57.18,30,0,1.66
391,Sisimiut,GL,2021-12-04 05:43:02,66.9395,-53.6735,19.72,56,100,17.11
392,Taoudenni,ML,2021-12-04 05:43:02,22.6783,-3.9836,59.25,32,100,14.32
393,Pyapon,MM,2021-12-04 05:43:03,16.2833,95.6833,85.24,61,61,12.64
394,Kandi,BJ,2021-12-04 05:43:03,11.1342,2.9386,69.17,24,47,4.56
395,Panzhihua,CN,2021-12-04 05:43:04,26.5851,101.7128,61.12,72,100,3.27
396,Alihe,CN,2021-12-04 05:43:04,50.5667,123.7167,19.54,64,54,3.02
397,Seymchan,RU,2021-12-04 05:43:05,62.8833,152.4333,-35.34,100,97,1.57
398,Cassilandia,BR,2021-12-04 05:39:34,-19.1133,-51.7342,73.99,70,85,4.38
399,Adrar,MR,2021-12-04 05:43:05,20.5022,-10.0711,62.87,22,100,9.46
400,Omsukchan,RU,2021-12-04 05:43:06,62.5333,155.8,-34.13,93,34,1.9
401,Farafangana,MG,2021-12-04 05:43:06,-22.8167,47.8333,81.16,72,39,10.07
402,Umm Kaddadah,SD,2021-12-04 05:43:06,13.6017,26.6876,71.87,35,0,15.52
403,Mount Isa,AU,2021-12-04 05:43:07,-20.7333,139.5,103.77,14,40,11.5
404,Saldanha,ZA,2021-12-04 05:43:07,-33.0117,17.9442,59.05,71,97,9.1
405,Sioux Lookout,CA,2021-12-04 05:43:07,50.1001,-91.917,17.98,86,90,11.5
406,Adeje,ES,2021-12-04 05:44:08,28.1227,-16.726,68.31,64,20,1.99
407,Quchan,IR,2021-12-04 05:44:08,37.106,58.5095,37.69,98,100,2.39
408,Nautla,MX,2021-12-04 05:44:08,20.2167,-96.7833,72.18,85,82,6.76
409,Kavieng,PG,2021-12-04 05:44:09,-2.5744,150.7967,84.63,71,70,7.07
410,Port Blair,IN,2021-12-04 05:44:09,11.6667,92.75,81.97,76,70,12.12
411,Arkhipo-Osipovka,RU,2021-12-04 05:44:09,44.37,38.52,53.58,81,100,13.04
412,Liepaja,LV,2021-12-04 05:44:10,56.5419,21.0367,35.65,93,90,8.05
413,Frankfort,ZA,2021-12-04 05:44:10,-27.2667,28.4833,70.34,68,60,11.59
414,Faanui,PF,2021-12-04 05:44:10,-16.4833,-151.75,81.54,67,29,17.94
415,Sorland,NO,2021-12-04 05:44:11,67.667,12.6934,31.19,57,51,23.2
416,Qaqortoq,GL,2021-12-04 05:44:11,60.7167,-46.0333,21.7,86,100,16.04
417,Yerofey Pavlovich,RU,2021-12-04 05:44:12,53.9667,121.9667,8.71,73,98,2.55
418,Marawi,PH,2021-12-04 05:44:12,7.9986,124.2928,75.65,86,92,7.34
419,Shenjiamen,CN,2021-12-04 05:41:01,29.9576,122.298,55.44,50,0,8.32
420,Prince Rupert,CA,2021-12-04 05:44:12,54.3161,-130.3201,38.89,84,90,3.44
421,Champasak,LA,2021-12-04 05:44:13,14.75,106.0,77.88,43,85,2.8
422,Pacific Grove,US,2021-12-04 05:44:13,36.6177,-121.9166,55.08,84,39,1.99
423,Beringovskiy,RU,2021-12-04 05:44:13,63.05,179.3167,13.17,73,20,12.95
424,Eureka,US,2021-12-04 05:44:13,40.8021,-124.1637,51.64,97,54,3.02
425,Sanchazi,CN,2021-12-04 05:44:14,42.0817,126.6003,18.16,70,40,4.85
426,Ust-Kulom,RU,2021-12-04 05:44:14,61.6864,53.6902,0.77,94,100,7.47
427,Wad Madani,SD,2021-12-04 05:44:15,14.4012,33.5199,81.05,42,0,14.05
428,Matamoros,MX,2021-12-04 05:44:15,25.5333,-103.25,67.3,52,0,4.29
429,Balykshi,KZ,2021-12-04 05:44:15,47.0667,51.8667,33.8,86,100,13.42
430,Kiunga,PG,2021-12-04 05:44:16,-6.1219,141.2906,84.33,91,64,0.89
431,Vao,NC,2021-12-04 05:44:16,-22.6667,167.4833,77.23,81,71,13.56
432,Khandyga,RU,2021-12-04 05:44:17,62.6667,135.6,-40.25,95,17,3.02
433,Chengde,CN,2021-12-04 05:43:49,40.9725,117.9361,42.93,28,0,1.97
434,Paamiut,GL,2021-12-04 05:44:17,61.994,-49.6678,39.27,70,100,45.41
435,Roald,NO,2021-12-04 05:44:17,62.5833,6.1333,37.54,65,75,18.41
436,Moranbah,AU,2021-12-04 05:44:18,-22.0016,148.0466,94.41,26,4,15.68
437,Voineasa,RO,2021-12-04 05:44:18,44.2833,24.1333,36.19,93,90,16.11
438,Sorbhog,IN,2021-12-04 05:44:19,26.5,90.8667,79.32,49,88,6.13
439,Mawlaik,MM,2021-12-04 05:44:19,23.6333,94.4167,84.18,49,58,1.01
440,Thenzawl,IN,2021-12-04 05:44:19,23.3167,92.75,76.24,43,86,3.06
441,Saint-Georges,GD,2021-12-04 05:44:20,12.0564,-61.7485,78.48,89,20,11.5
442,Turukhansk,RU,2021-12-04 05:44:20,65.8167,87.9833,-34.53,99,96,2.51
443,Omboue,GA,2021-12-04 05:44:21,-1.5746,9.2618,76.62,88,100,1.86
444,Krasnoselkup,RU,2021-12-04 05:44:21,65.7,82.4667,-18.71,93,97,8.77
445,Talaya,RU,2021-12-04 05:44:21,61.3833,152.75,-25.44,100,100,0.92
446,Bagratashen,AM,2021-12-04 05:44:22,41.2436,44.8174,39.6,42,24,3.96
447,Jefferson City,US,2021-12-04 05:39:56,38.5767,-92.1735,52.79,55,1,5.99
448,Katakwi,UG,2021-12-04 05:44:22,1.8911,33.9661,77.11,48,24,3.67
449,Manggar,ID,2021-12-04 05:44:23,-2.8833,108.2667,76.95,89,100,4.56
450,Severodvinsk,RU,2021-12-04 05:44:23,64.5635,39.8302,-7.49,91,43,10.56
451,Kaduna,NG,2021-12-04 05:44:23,10.5222,7.4383,64.35,32,46,6.4
452,Samana,DO,2021-12-04 05:45:24,19.2056,-69.3369,75.34,86,89,7.14
453,Mustasaari,FI,2021-12-04 05:42:55,63.1142,21.6822,12.88,79,0,8.05
454,Sayyan,YE,2021-12-04 05:45:24,15.1718,44.3244,52.65,19,3,3.96
455,Roebourne,AU,2021-12-04 05:45:24,-20.7833,117.1333,103.08,23,30,19.35
456,San Joaquin,US,2021-12-04 05:45:25,37.9333,-121.3011,54.1,90,90,0.0
457,Kahului,US,2021-12-04 05:45:25,20.8947,-156.47,73.42,79,90,18.41
458,Melfi,IT,2021-12-04 05:45:26,40.9965,15.6514,42.49,85,66,3.33
459,Makakilo City,US,2021-12-04 05:45:26,21.3469,-158.0858,70.12,62,1,8.05
460,Maumere,ID,2021-12-04 05:45:26,-8.6199,122.2111,84.7,71,94,4.5
461,Port-Gentil,GA,2021-12-04 05:43:16,-0.7193,8.7815,75.16,94,20,4.61
462,Antioch,TR,2021-12-04 05:45:27,36.2066,36.1572,48.02,53,100,8.3
463,Saint Anthony,US,2021-12-04 05:45:28,45.0205,-93.218,33.26,66,1,1.99
464,Soeng Sang,TH,2021-12-04 05:45:28,14.4264,102.4606,76.6,54,85,11.68
465,Camacupa,AO,2021-12-04 05:45:28,-12.0167,17.4833,65.03,88,99,1.48
466,Codajas,BR,2021-12-04 05:45:29,-3.8367,-62.0569,72.72,94,99,0.58
467,Kysyl-Syr,RU,2021-12-04 05:45:29,63.8986,122.7617,-19.26,97,100,15.61
468,Pokrovsk,UA,2021-12-04 05:45:29,48.282,37.1758,37.94,92,100,9.17
469,Lazaro Cardenas,MX,2021-12-04 05:45:30,17.9583,-102.2,75.94,87,78,3.15
470,Kemi,FI,2021-12-04 05:45:30,65.8596,24.8228,15.57,86,0,5.75
471,Yaan,NG,2021-12-04 05:45:30,7.3833,8.5667,72.66,86,27,3.44
472,Balabac,PH,2021-12-04 05:45:31,7.9868,117.0645,77.31,92,100,9.28
473,Coquimbo,CL,2021-12-04 05:42:19,-29.9533,-71.3436,56.93,88,0,3.44
474,Itapirapua,BR,2021-12-04 05:45:31,-15.8233,-50.6133,72.14,91,85,2.17
475,Sakakah,SA,2021-12-04 05:45:00,29.9697,40.2064,51.37,37,75,10.13
476,Araouane,ML,2021-12-04 05:45:32,18.9048,-3.5265,63.59,23,29,11.83
477,Pangody,RU,2021-12-04 05:45:32,65.85,74.4859,-11.33,90,100,4.99
478,Palmas Bellas,PA,2021-12-04 05:45:33,9.2319,-80.0867,79.11,91,34,9.35
479,Cabedelo,BR,2021-12-04 05:45:33,-6.9811,-34.8339,79.47,84,33,10.65
480,Tessalit,ML,2021-12-04 05:45:33,20.1986,1.0114,62.19,23,40,10.51
481,Irbit,RU,2021-12-04 05:45:34,57.6705,63.071,25.36,93,45,5.84
482,Sipoo,FI,2021-12-04 05:45:34,60.3775,25.2691,23.02,86,20,8.05
483,Seoul,KR,2021-12-04 05:45:35,37.5683,126.9778,45.79,42,20,9.22
484,Vigrestad,NO,2021-12-04 05:45:35,58.5667,5.7,36.0,71,100,26.26
485,Cacador,BR,2021-12-04 05:45:35,-26.7753,-51.015,58.51,86,97,5.59
486,Kemijarvi,FI,2021-12-04 05:45:36,66.7131,27.4306,4.05,98,55,4.07
487,Dourbali,TD,2021-12-04 05:45:36,11.8091,15.8632,72.95,25,3,8.55
488,Sao Felix Do Xingu,BR,2021-12-04 05:45:36,-6.6447,-51.995,70.48,99,100,1.81
489,Baykit,RU,2021-12-04 05:45:37,61.67,96.37,20.86,86,100,13.02
490,Kembe,CF,2021-12-04 05:45:37,4.6228,21.8865,75.2,83,100,2.06
491,Quatre Cocos,MU,2021-12-04 05:45:38,-20.2078,57.7625,84.31,68,19,13.2
492,Vostok,RU,2021-12-04 05:45:38,46.4856,135.8833,0.36,88,100,6.44
493,San Patricio,US,2021-12-04 05:45:38,28.017,-97.5169,73.26,93,3,8.9
494,Yulara,AU,2021-12-04 05:45:38,-25.2406,130.9889,103.84,9,30,5.75
495,Dinguiraye,GN,2021-12-04 05:46:39,11.3,-10.7167,68.13,33,98,1.07
496,Osmena,PH,2021-12-04 05:46:39,10.5208,119.9258,82.04,70,100,19.06
497,Ulaanbaatar,MN,2021-12-04 05:46:39,47.9077,106.8832,19.53,49,12,2.24
498,Alpine,US,2021-12-04 05:46:40,32.835,-116.7664,56.39,83,90,0.0
499,Nanortalik,GL,2021-12-04 05:46:40,60.1432,-45.2371,36.82,87,100,34.81
500,Linfen,CN,2021-12-04 05:46:40,36.0889,111.5189,49.17,21,0,0.78
501,Antalaha,MG,2021-12-04 05:46:41,-14.9003,50.2788,83.28,63,34,7.58
502,Sereflikochisar,TR,2021-12-04 05:46:41,38.9393,33.5386,44.02,73,79,10.56
503,Saint-Francois,FR,2021-12-04 05:46:41,46.4154,3.9054,49.68,85,0,6.91
504,Aktau,KZ,2021-12-04 05:46:42,43.65,51.2,36.18,74,89,23.13
505,Pucallpa,PE,2021-12-04 05:46:42,-8.3791,-74.5539,74.25,84,80,1.88
506,Usinsk,RU,2021-12-04 05:46:42,65.9939,57.5281,-20.07,100,32,6.06
507,Chitipa,MW,2021-12-04 05:46:43,-9.7024,33.2697,76.44,42,24,6.78
508,Lenggries,DE,2021-12-04 05:45:55,47.6833,11.5667,33.26,92,100,4.07
509,Melo,UY,2021-12-04 05:46:43,-32.3667,-54.1833,54.75,95,3,6.29
510,Sterling,US,2021-12-04 05:46:43,39.0062,-77.4286,48.58,74,40,3.0
511,Hay River,CA,2021-12-04 05:46:44,60.8156,-115.7999,-11.22,70,75,13.8
512,Sao Joao Da Barra,BR,2021-12-04 05:46:44,-21.6403,-41.0511,67.73,93,10,6.35
513,Najran,SA,2021-12-04 05:46:44,17.4924,44.1277,56.05,24,1,2.21
514,Tupik,RU,2021-12-04 05:46:45,54.4253,119.9327,13.33,84,41,1.97
515,Ust-Barguzin,RU,2021-12-04 05:46:45,53.45,108.9833,24.55,77,74,0.31
516,Ambilobe,MG,2021-12-04 05:46:45,-13.2,49.05,90.95,37,33,6.76
517,Touros,BR,2021-12-04 05:46:46,-5.1989,-35.4608,79.7,81,98,12.28
518,Pisco,PE,2021-12-04 05:46:46,-13.7,-76.2167,66.25,82,99,4.61
519,Kuytun,RU,2021-12-04 05:46:46,54.3419,101.5036,33.94,71,100,14.45
520,Velikiy Ustyug,RU,2021-12-04 05:46:47,60.7644,46.3106,9.63,94,100,14.18
521,Jacareacanga,BR,2021-12-04 05:46:47,-6.2222,-57.7528,72.66,100,99,1.68
522,Sonqor,IR,2021-12-04 05:46:47,34.7837,47.6004,31.01,38,5,1.52
523,Gondal,IN,2021-12-04 05:46:48,21.9667,70.8,80.96,37,1,7.31
524,Bonthe,SL,2021-12-04 05:46:48,7.5264,-12.505,77.85,86,74,4.59
525,Orlovskiy,RU,2021-12-04 05:46:49,46.8714,42.0592,43.95,56,100,11.83
526,Laval,CA,2021-12-04 05:46:24,45.57,-73.692,20.95,53,75,4.0
527,Palmer,US,2021-12-04 05:46:49,42.1584,-72.3287,30.81,59,90,10.36
528,Pak Phanang,TH,2021-12-04 05:46:49,8.3511,100.202,87.04,69,82,8.66
529,Kjollefjord,NO,2021-12-04 05:46:50,70.9457,27.3465,21.22,76,57,12.8
530,Florence,IT,2021-12-04 05:46:50,43.7667,11.25,42.98,92,40,1.14
531,Henties Bay,NA,2021-12-04 05:43:09,-22.116,14.2845,58.86,81,0,7.96
532,Marzuq,YE,2021-12-04 05:46:50,14.4,46.4667,64.67,25,5,4.38
533,Kortkeros,RU,2021-12-04 05:46:51,61.8106,51.5806,-1.82,93,100,10.76
534,Kralendijk,BQ,2021-12-04 05:46:51,12.15,-68.2667,78.78,89,40,9.22
535,Nouadhibou,MR,2021-12-04 05:46:51,20.931,-17.0347,60.78,67,0,17.27
536,Redcar,GB,2021-12-04 05:46:52,54.6166,-1.06,42.08,83,100,8.01
